#,Player,GS,MIN,FG,3PT,FT,ORB-DRB,REB,PF,A,TO,BLK,STL,PTS,Opponent,Date
20,Morgan Baird,*,21,5-12,1-2,2-2,4-3,7,1,2,0,0,0,13,Evergreen (WA),01/03/25
10,Bridgette McIntyre,*,26,4-7,4-7,0-0,0-3,3,0,1,2,0,1,12,Evergreen (WA),01/03/25
12,Emma Schmerbach,*,25,4-11,1-1,3-3,1-5,6,0,8,3,2,0,12,Evergreen (WA),01/03/25
1,Meghan McIntyre,*,27,4-8,1-3,0-1,0-5,5,1,3,2,0,1,9,Evergreen (WA),01/03/25
23,Clara Robbins,*,13,3-4,0-0,0-0,2-7,9,1,0,0,1,0,6,Evergreen (WA),01/03/25
34,Shakia Teague-Perry,-,6,5-6,0-0,0-0,1-0,1,0,0,0,0,1,10,Evergreen (WA),01/03/25
32,Eliza DiGiulio,-,14,3-5,1-1,2-2,2-0,2,0,0,1,0,0,9,Evergreen (WA),01/03/25
13,Keeley Wright,-,14,2-5,1-2,0-0,0-4,4,1,2,1,0,0,5,Evergreen (WA),01/03/25
21,Jenika Zurita,-,11,2-4,1-3,0-0,0-2,2,0,3,1,0,1,5,Evergreen (WA),01/03/25
22,Sierra Scheppele,-,18,0-4,0-4,1-2,0-1,1,1,2,0,0,1,1,Evergreen (WA),01/03/25
5,Makayla Scurlock,-,13,0-0,0-0,0-0,0-7,7,1,2,0,0,1,0,Evergreen (WA),01/03/25
33,Mallory Williams,-,10,0-2,0-1,0-0,0-2,2,0,0,1,0,0,0,Evergreen (WA),01/03/25
24,Ali Stevens,-,2,0-1,0-0,0-0,0-0,0,0,0,0,0,0,0,Evergreen (WA),01/03/25
20,Morgan Baird,*,24,6-9,0-0,4-4,4-3,7,0,1,1,1,0,16,College of Idaho,03/01/25
10,Bridgette McIntyre,*,32,4-7,3-4,0-0,0-5,5,1,4,3,0,0,11,College of Idaho,03/01/25
1,Meghan McIntyre,*,31,4-13,0-3,0-0,4-6,10,2,3,4,0,0,8,College of Idaho,03/01/25
12,Emma Schmerbach,*,24,3-12,0-2,0-0,1-9,10,3,3,1,0,2,6,College of Idaho,03/01/25
23,Clara Robbins,*,17,1-3,0-0,0-0,0-3,3,0,1,0,0,2,2,College of Idaho,03/01/25
22,Sierra Scheppele,-,24,3-6,2-5,0-0,0-1,1,2,0,0,0,0,8,College of Idaho,03/01/25
32,Eliza DiGiulio,-,19,1-7,0-1,4-6,1-2,3,0,1,2,0,0,6,College of Idaho,03/01/25
13,Keeley Wright,-,9,2-3,0-0,0-0,2-1,3,0,1,0,0,1,4,College of Idaho,03/01/25
33,Mallory Williams,-,10,1-1,1-1,0-0,0-3,3,0,0,0,0,0,3,College of Idaho,03/01/25
5,Makayla Scurlock,-,10,1-2,0-1,0-0,2-2,4,2,1,1,1,1,2,College of Idaho,03/01/25
23,Clara Robbins,*,25,9-11,0-0,0-0,3-4,7,3,1,1,0,2,18,Lewis-Clark State,01/17/25
10,Bridgette McIntyre,*,32,5-8,4-7,2-3,0-2,2,1,0,2,0,1,16,Lewis-Clark State,01/17/25
1,Meghan McIntyre,*,36,4-8,1-1,4-8,1-2,3,2,10,5,0,3,13,Lewis-Clark State,01/17/25
20,Morgan Baird,*,31,5-12,2-2,1-1,0-2,2,0,10,2,1,1,13,Lewis-Clark State,01/17/25
12,Emma Schmerbach,*,30,3-10,0-1,2-2,4-2,6,4,2,3,0,4,8,Lewis-Clark State,01/17/25
32,Eliza DiGiulio,-,14,6-7,2-3,2-2,2-2,4,1,0,2,0,0,16,Lewis-Clark State,01/17/25
22,Sierra Scheppele,-,13,1-1,1-1,0-0,0-0,0,1,0,0,0,1,3,Lewis-Clark State,01/17/25
13,Keeley Wright,-,4,1-2,0-0,0-1,0-1,1,3,0,2,0,0,2,Lewis-Clark State,01/17/25
5,Makayla Scurlock,-,12,0-0,0-0,0-0,0-2,2,1,2,0,0,0,0,Lewis-Clark State,01/17/25
33,Mallory Williams,-,3,0-0,0-0,0-0,0-0,0,0,0,1,0,0,0,Lewis-Clark State,01/17/25
10,Bridgette McIntyre,*,32,4-11,2-8,5-6,0-2,2,1,1,1,0,0,15,Lewis-Clark State,03/04/25
12,Emma Schmerbach,*,29,4-13,0-2,0-0,2-4,6,3,0,2,3,2,8,Lewis-Clark State,03/04/25
1,Meghan McIntyre,*,32,2-8,0-2,0-0,2-2,4,0,5,2,0,1,4,Lewis-Clark State,03/04/25
20,Morgan Baird,*,20,2-8,0-1,0-0,4-4,8,4,2,4,0,1,4,Lewis-Clark State,03/04/25
23,Clara Robbins,*,14,0-1,0-0,0-0,1-2,3,1,0,0,1,1,0,Lewis-Clark State,03/04/25
33,Mallory Williams,-,24,4-6,4-6,0-0,1-4,5,1,1,1,0,0,12,Lewis-Clark State,03/04/25
22,Sierra Scheppele,-,19,2-4,0-1,1-1,0-0,0,2,1,0,0,0,5,Lewis-Clark State,03/04/25
13,Keeley Wright,-,8,1-2,0-0,2-3,0-0,0,0,1,0,0,0,4,Lewis-Clark State,03/04/25
32,Eliza DiGiulio,-,14,1-4,0-1,0-0,0-1,1,0,1,4,0,2,2,Lewis-Clark State,03/04/25
5,Makayla Scurlock,-,8,1-4,0-0,0-0,0-3,3,0,2,0,0,2,2,Lewis-Clark State,03/04/25
20,Morgan Baird,*,16,7-14,1-2,8-8,1-3,4,0,0,1,0,0,23,Xavier (LA),03/20/25
10,Bridgette Mcintyre,*,32,5-10,4-7,0-0,1-3,4,0,2,1,0,3,14,Xavier (LA),03/20/25
12,Emma Schmerbach,*,30,4-12,0-1,6-6,1-1,2,3,0,2,0,0,14,Xavier (LA),03/20/25
01,Meghan Mcintyre,*,34,2-11,0-0,1-4,1-4,5,3,8,4,0,2,5,Xavier (LA),03/20/25
23,Clara Robbins,*,23,0-5,0-0,0-0,0-5,5,3,0,0,0,1,0,Xavier (LA),03/20/25
22,Sierra Scheppele,-,25,2-4,2-3,0-0,0-1,1,0,0,2,0,2,6,Xavier (LA),03/20/25
32,Eliza Digiulio,-,11,1-2,0-0,2-2,1-2,3,2,1,0,0,1,4,Xavier (LA),03/20/25
13,Keeley Wright,-,9,0-1,0-0,1-2,1-4,5,1,1,0,0,0,1,Xavier (LA),03/20/25
05,Makayla Scurlock,-,14,0-1,0-0,0-0,0-1,1,1,0,0,0,0,0,Xavier (LA),03/20/25
33,Mallory Williams,-,6,0-1,0-1,0-0,0-2,2,0,0,0,0,0,0,Xavier (LA),03/20/25
01,Meghan McIntyre,*,32,7-14,1-2,0-1,1-1,2,4,6,3,0,2,15,Bethel (TN),03/22/25
12,Emma Schmerbach,*,23,5-9,0-1,1-4,0-2,2,5,1,0,0,2,11,Bethel (TN),03/22/25
10,Bridgette McIntyre,*,32,4-12,2-8,0-0,1-4,5,1,3,0,0,1,10,Bethel (TN),03/22/25
20,Morgan Baird,*,15,5-8,0-1,0-0,4-3,7,2,2,0,0,2,10,Bethel (TN),03/22/25
23,Clara Robbins,*,25,1-6,0-0,0-0,3-4,7,4,0,1,2,1,2,Bethel (TN),03/22/25
32,Eliza DiGiulio,-,22,4-8,0-3,0-0,0-4,4,0,0,0,0,0,8,Bethel (TN),03/22/25
05,Makayla Scurlock,-,15,2-3,1-1,0-0,0-5,5,0,0,0,0,0,5,Bethel (TN),03/22/25
22,Sierra Scheppele,-,14,1-5,1-4,0-0,0-2,2,1,0,3,0,0,3,Bethel (TN),03/22/25
33,Mallory Williams,-,14,1-5,1-5,0-0,1-1,2,2,0,0,0,0,3,Bethel (TN),03/22/25
13,Keeley Wright,-,8,1-1,0-0,1-1,0-0,0,0,1,2,0,0,3,Bethel (TN),03/22/25
10,Bridgette McIntyre,*,24,5-11,5-10,0-0,0-4,4,1,2,2,0,0,15,Northwest,01/04/25
20,Morgan Baird,*,19,6-11,0-1,2-3,2-1,3,0,3,1,0,0,14,Northwest,01/04/25
1,Meghan McIntyre,*,22,4-9,1-1,2-3,1-6,7,0,4,2,0,3,11,Northwest,01/04/25
12,Emma Schmerbach,*,16,3-6,0-1,0-0,1-2,3,3,1,0,0,1,6,Northwest,01/04/25
23,Clara Robbins,*,12,2-2,0-0,0-0,0-2,2,2,0,0,1,0,4,Northwest,01/04/25
22,Sierra Scheppele,-,20,2-7,2-7,2-2,0-2,2,0,1,1,0,0,8,Northwest,01/04/25
32,Eliza DiGiulio,-,17,3-6,0-1,0-0,2-1,3,2,1,2,1,1,6,Northwest,01/04/25
13,Keeley Wright,-,18,2-3,0-0,1-2,0-1,1,1,2,2,0,4,5,Northwest,01/04/25
34,Shakia Teague-Perry,-,8,1-1,0-0,2-4,0-2,2,0,0,1,0,0,4,Northwest,01/04/25
33,Mallory Williams,-,15,1-3,1-2,0-0,0-5,5,1,0,2,0,0,3,Northwest,01/04/25
5,Makayla Scurlock,-,18,1-3,0-1,0-0,0-5,5,1,3,0,1,1,2,Northwest,01/04/25
21,Jenika Zurita,-,7,0-2,0-2,1-2,0-0,0,0,0,0,0,0,1,Northwest,01/04/25
24,Ali Stevens,-,4,0-2,0-1,0-0,0-0,0,1,0,0,0,0,0,Northwest,01/04/25
20,Morgan Baird,*,22,10-11,1-1,0-0,0-2,2,3,4,0,0,1,21,Multnomah,01/10/25
12,Emma Schmerbach,*,32,7-12,0-1,4-8,3-4,7,2,1,0,1,2,18,Multnomah,01/10/25
10,Bridgette McIntyre,*,28,4-7,3-5,3-3,1-2,3,2,2,0,0,2,14,Multnomah,01/10/25
23,Clara Robbins,*,25,2-3,0-0,3-4,1-3,4,2,3,2,0,1,7,Multnomah,01/10/25
1,Meghan McIntyre,*,28,0-1,0-1,2-3,0-3,3,2,4,0,0,2,2,Multnomah,01/10/25
22,Sierra Scheppele,-,13,4-8,3-7,0-0,0-1,1,2,0,0,0,0,11,Multnomah,01/10/25
32,Eliza DiGiulio,-,15,3-6,0-1,3-4,3-1,4,1,2,2,0,1,9,Multnomah,01/10/25
33,Mallory Williams,-,7,2-4,2-4,2-2,0-3,3,3,0,0,0,0,8,Multnomah,01/10/25
13,Keeley Wright,-,9,0-2,0-0,3-4,0-1,1,2,2,1,0,3,3,Multnomah,01/10/25
5,Makayla Scurlock,-,12,1-1,0-0,0-0,0-5,5,2,4,0,0,1,2,Multnomah,01/10/25
21,Jenika Zurita,-,5,0-1,0-1,0-0,0-1,1,0,1,0,0,1,0,Multnomah,01/10/25
24,Ali Stevens,-,4,0-0,0-0,0-0,0-0,0,0,0,0,0,1,0,Multnomah,01/10/25
1,Meghan McIntyre,*,27,6-11,1-2,5-5,2-2,4,1,1,2,0,2,18,Warner Pacific (OR),01/11/25
20,Morgan Baird,*,27,7-13,0-0,2-2,1-4,5,0,1,0,0,0,16,Warner Pacific (OR),01/11/25
12,Emma Schmerbach,*,25,6-8,0-1,3-5,2-4,6,3,8,2,2,3,15,Warner Pacific (OR),01/11/25
23,Clara Robbins,*,15,2-4,0-0,0-0,1-3,4,1,0,0,2,2,4,Warner Pacific (OR),01/11/25
10,Bridgette McIntyre,*,23,0-7,0-5,0-0,0-1,1,1,1,1,0,0,0,Warner Pacific (OR),01/11/25
32,Eliza DiGiulio,-,18,5-6,1-1,2-2,1-1,2,0,1,1,0,2,13,Warner Pacific (OR),01/11/25
22,Sierra Scheppele,-,15,4-6,2-4,0-0,0-0,0,1,1,0,0,0,10,Warner Pacific (OR),01/11/25
33,Mallory Williams,-,16,2-2,2-2,0-0,0-0,0,0,0,1,0,0,6,Warner Pacific (OR),01/11/25
13,Keeley Wright,-,13,1-3,0-0,1-2,0-0,0,1,4,1,0,0,3,Warner Pacific (OR),01/11/25
5,Makayla Scurlock,-,11,1-3,0-1,0-0,1-2,3,4,0,0,0,2,2,Warner Pacific (OR),01/11/25
21,Jenika Zurita,-,8,0-0,0-0,0-0,0-0,0,0,0,0,0,0,0,Warner Pacific (OR),01/11/25
24,Ali Stevens,-,2,0-0,0-0,0-0,0-0,0,0,0,0,0,1,0,Warner Pacific (OR),01/11/25
10,Bridgette Mcintyre,*,35,4-9,4-7,2-2,0-4,4,3,3,1,0,0,14,Oregon Tech,12/14/24
12,Emma Schmerbach,*,32,5-11,0-1,3-3,2-5,7,2,3,3,3,1,13,Oregon Tech,12/14/24
20,Morgan Baird,*,28,5-9,0-1,0-2,1-2,3,2,3,2,2,1,10,Oregon Tech,12/14/24
01,Meghan Mcintyre,*,26,2-6,0-1,3-6,0-3,3,2,3,5,0,1,7,Oregon Tech,12/14/24
23,Clara Robbins,*,13,1-1,0-0,0-0,0-5,5,2,0,1,1,1,2,Oregon Tech,12/14/24
32,Eliza Digiulio,-,30,2-5,1-2,4-4,2-2,4,2,0,1,0,2,9,Oregon Tech,12/14/24
33,Mallory Williams,-,5,2-2,2-2,0-0,0-1,1,1,0,0,0,0,6,Oregon Tech,12/14/24
13,Keeley Wright,-,10,1-1,0-0,2-3,1-2,3,0,1,3,0,0,4,Oregon Tech,12/14/24
22,Sierra Scheppele,-,12,0-1,0-1,0-0,0-2,2,0,0,0,0,0,0,Oregon Tech,12/14/24
05,Makayla Scurlock,-,9,0-2,0-2,0-0,0-1,1,1,1,0,0,0,0,Oregon Tech,12/14/24
1,Meghan McIntyre,*,26,7-9,2-2,1-4,1-3,4,0,4,2,0,5,17,Bushnell (OR),02/07/25
12,Emma Schmerbach,*,24,8-12,1-1,0-0,3-6,9,3,1,3,3,2,17,Bushnell (OR),02/07/25
20,Morgan Baird,*,23,5-11,0-1,0-0,2-0,2,0,3,1,1,0,10,Bushnell (OR),02/07/25
23,Clara Robbins,*,20,1-2,0-0,0-0,1-2,3,0,2,0,1,1,2,Bushnell (OR),02/07/25
10,Bridgette McIntyre,*,26,0-6,0-4,0-0,0-4,4,0,1,0,0,1,0,Bushnell (OR),02/07/25
32,Eliza DiGiulio,-,22,4-9,0-1,0-0,0-2,2,1,3,0,0,1,8,Bushnell (OR),02/07/25
22,Sierra Scheppele,-,12,1-6,1-5,2-2,0-1,1,1,0,0,0,0,5,Bushnell (OR),02/07/25
33,Mallory Williams,-,15,1-5,0-0,2-2,3-1,4,0,1,0,1,0,4,Bushnell (OR),02/07/25
13,Keeley Wright,-,14,2-2,0-0,0-0,1-4,5,0,2,1,0,1,4,Bushnell (OR),02/07/25
5,Makayla Scurlock,-,14,0-0,0-0,0-0,0-4,4,0,1,0,0,0,0,Bushnell (OR),02/07/25
21,Jenika Zurita,-,2,0-1,0-0,0-0,0-0,0,0,0,0,0,0,0,Bushnell (OR),02/07/25
24,Ali Stevens,-,2,0-0,0-0,0-0,0-0,0,3,0,1,0,0,0,Bushnell (OR),02/07/25
1,Meghan McIntyre,*,24,5-11,0-3,3-4,2-3,5,1,5,0,0,7,13,Life Pacific,11/23/24
12,Emma Schmerbach,*,15,5-7,2-2,0-2,3-2,5,2,0,1,0,2,12,Life Pacific,11/23/24
22,Sierra Scheppele,*,14,4-7,4-6,0-0,0-4,4,1,0,0,0,1,12,Life Pacific,11/23/24
10,Bridgette McIntyre,*,25,3-6,2-4,2-2,3-4,7,1,1,0,0,3,10,Life Pacific,11/23/24
23,Clara Robbins,*,19,0-3,0-0,1-2,1-2,3,0,2,1,2,1,1,Life Pacific,11/23/24
33,Mallory Williams,-,20,4-7,4-7,1-2,1-4,5,0,4,0,0,1,13,Life Pacific,11/23/24
5,Makayla Scurlock,-,19,3-7,3-6,0-0,1-2,3,1,0,1,1,0,9,Life Pacific,11/23/24
34,Shakia Teague-Perry,-,12,2-4,1-2,2-2,0-1,1,5,1,0,0,0,7,Life Pacific,11/23/24
32,Eliza DiGiulio,-,20,1-6,1-2,1-2,1-4,5,0,1,1,0,0,4,Life Pacific,11/23/24
24,Ali Stevens,-,6,1-2,0-0,1-3,1-0,1,0,0,0,0,0,3,Life Pacific,11/23/24
13,Keeley Wright,-,13,1-3,0-0,0-2,2-3,5,5,4,2,0,2,2,Life Pacific,11/23/24
21,Jenika Zurita,-,12,0-5,0-3,2-3,1-0,1,0,0,0,0,0,2,Life Pacific,11/23/24
20,Morgan Baird,*,32,7-13,0-1,4-4,2-3,5,0,2,1,0,0,18,College of Idaho,12/06/24
12,Emma Schmerbach,*,29,5-13,0-2,3-8,3-5,8,3,2,0,0,1,13,College of Idaho,12/06/24
1,Meghan McIntyre,*,27,2-7,0-1,2-2,1-3,4,5,0,3,0,1,6,College of Idaho,12/06/24
23,Clara Robbins,*,17,2-5,0-0,2-2,3-3,6,2,2,1,2,2,6,College of Idaho,12/06/24
10,Bridgette McIntyre,*,33,1-3,1-2,0-0,0-4,4,3,1,2,0,1,3,College of Idaho,12/06/24
13,Keeley Wright,-,12,3-3,0-0,0-2,0-2,2,1,1,1,0,0,6,College of Idaho,12/06/24
32,Eliza DiGiulio,-,20,2-7,1-4,0-0,2-2,4,2,2,2,1,0,5,College of Idaho,12/06/24
33,Mallory Williams,-,4,1-3,0-2,2-2,0-0,0,0,0,0,0,0,4,College of Idaho,12/06/24
22,Sierra Scheppele,-,13,1-2,0-1,0-0,0-1,1,1,0,0,0,0,2,College of Idaho,12/06/24
5,Makayla Scurlock,-,12,1-1,0-0,0-0,0-6,6,0,0,0,0,0,2,College of Idaho,12/06/24
34,Shakia Teague-Perry,-,1,0-0,0-0,0-0,0-0,0,0,0,1,0,0,0,College of Idaho,12/06/24
10,Bridgette McIntyre,*,33,8-11,6-8,3-4,1-3,4,2,2,0,0,1,25,Eastern Oregon,12/07/24
20,Morgan Baird,*,20,6-10,0-0,2-3,2-2,4,4,0,3,0,0,14,Eastern Oregon,12/07/24
1,Meghan McIntyre,*,34,1-6,0-1,7-8,1-6,7,1,9,3,0,0,9,Eastern Oregon,12/07/24
12,Emma Schmerbach,*,26,4-13,0-2,0-0,1-3,4,2,1,0,0,1,8,Eastern Oregon,12/07/24
23,Clara Robbins,*,27,2-4,0-1,0-0,1-5,6,2,1,1,1,2,4,Eastern Oregon,12/07/24
32,Eliza DiGiulio,-,17,4-5,2-2,0-0,0-1,1,0,0,0,0,0,10,Eastern Oregon,12/07/24
13,Keeley Wright,-,7,0-2,0-0,2-4,0-1,1,1,1,2,0,0,2,Eastern Oregon,12/07/24
22,Sierra Scheppele,-,15,0-2,0-1,0-0,0-1,1,3,0,0,0,1,0,Eastern Oregon,12/07/24
5,Makayla Scurlock,-,9,0-0,0-0,0-0,0-1,1,1,0,0,0,0,0,Eastern Oregon,12/07/24
33,Mallory Williams,-,8,0-0,0-0,0-0,0-1,1,0,0,1,1,1,0,Eastern Oregon,12/07/24
34,Shakia Teague-Perry,-,4,0-1,0-0,0-0,1-0,1,0,0,1,0,0,0,Eastern Oregon,12/07/24
1,Meghan McIntyre,*,27,5-9,4-6,5-6,0-3,3,1,4,4,0,0,19,Evergreen (WA),02/01/25
32,Eliza DiGiulio,*,27,6-12,1-6,2-2,1-0,1,2,1,1,0,1,15,Evergreen (WA),02/01/25
10,Bridgette McIntyre,*,26,3-5,2-3,3-4,0-4,4,1,5,2,0,1,11,Evergreen (WA),02/01/25
23,Clara Robbins,*,22,4-5,1-1,2-2,1-7,8,0,0,0,1,0,11,Evergreen (WA),02/01/25
12,Emma Schmerbach,*,29,3-7,0-0,0-0,0-6,6,3,0,0,0,2,6,Evergreen (WA),02/01/25
22,Sierra Scheppele,-,17,2-5,2-5,0-0,0-1,1,2,4,1,0,1,6,Evergreen (WA),02/01/25
33,Mallory Williams,-,15,2-4,2-3,0-0,1-0,1,2,1,1,0,0,6,Evergreen (WA),02/01/25
21,Jenika Zurita,-,9,1-2,0-1,0-0,1-2,3,0,1,0,0,0,2,Evergreen (WA),02/01/25
24,Ali Stevens,-,3,1-2,0-0,0-0,0-0,0,0,0,0,0,0,2,Evergreen (WA),02/01/25
13,Keeley Wright,-,10,0-1,0-0,1-2,1-2,3,0,0,2,0,1,1,Evergreen (WA),02/01/25
5,Makayla Scurlock,-,15,0-0,0-0,0-0,2-2,4,1,0,1,0,0,0,Evergreen (WA),02/01/25
20,Morgan Baird,*,21,10-16,0-0,0-0,1-5,6,1,5,2,1,0,20,Walla Walla,02/14/25
12,Emma Schmerbach,*,20,4-7,1-2,0-0,2-0,2,2,0,1,0,1,9,Walla Walla,02/14/25
01,Meghan McIntyre,*,25,4-7,0-0,0-0,1-4,5,1,4,2,0,3,8,Walla Walla,02/14/25
23,Clara Robbins,*,22,4-4,0-0,0-0,1-3,4,1,0,1,1,0,8,Walla Walla,02/14/25
10,Bridgette McIntyre,*,25,2-3,1-2,0-0,1-3,4,1,3,4,0,2,5,Walla Walla,02/14/25
32,Eliza DiGiulio,-,18,6-11,0-1,3-4,3-3,6,1,2,1,1,1,15,Walla Walla,02/14/25
13,Keeley Wright,-,15,3-4,0-0,2-2,0-0,0,2,0,1,1,1,8,Walla Walla,02/14/25
22,Sierra Scheppele,-,12,2-4,2-4,2-2,0-1,1,0,0,0,0,0,8,Walla Walla,02/14/25
33,Mallory Williams,-,18,1-4,1-4,2-2,0-8,8,1,0,1,0,1,5,Walla Walla,02/14/25
21,Jenika Zurita,-,6,1-1,1-1,0-0,0-0,0,3,0,0,0,0,3,Walla Walla,02/14/25
24,Ali Stevens,-,5,0-0,0-0,3-4,0-1,1,1,0,0,0,0,3,Walla Walla,02/14/25
05,Makayla Scurlock,-,13,1-2,0-1,0-0,0-1,1,1,2,1,0,0,2,Walla Walla,02/14/25
10,Bridgette McIntyre,*,29,6-9,5-8,0-0,0-2,2,1,3,2,0,0,17,Hope International,11/21/24
01,Meghan McIntyre,*,30,6-9,0-1,2-3,1-5,6,2,0,2,0,3,14,Hope International,11/21/24
12,Emma Schmerbach,*,29,6-16,0-3,1-4,2-5,7,2,2,1,0,1,13,Hope International,11/21/24
23,Clara Robbins,*,18,1-2,0-0,0-0,0-3,3,0,0,1,0,1,2,Hope International,11/21/24
22,Sierra Scheppele,*,21,0-5,0-3,0-0,1-2,3,2,1,0,0,0,0,Hope International,11/21/24
32,Eliza DiGiulio,-,24,8-11,2-4,4-4,2-2,4,1,0,0,1,0,22,Hope International,11/21/24
13,Keeley Wright,-,10,2-3,0-0,1-4,0-1,1,1,2,2,0,1,5,Hope International,11/21/24
05,Makayla Scurlock,-,18,1-2,1-2,0-0,1-7,8,3,0,2,0,0,3,Hope International,11/21/24
21,Jenika Zurita,-,4,1-1,1-1,0-0,0-0,0,1,0,0,0,0,3,Hope International,11/21/24
33,Mallory Williams,-,9,1-3,0-2,0-0,0-3,3,2,1,0,0,0,2,Hope International,11/21/24
34,Shakia Teague-Perry,-,8,1-1,0-0,0-0,0-0,0,1,0,1,0,0,2,Hope International,11/21/24
01,Meghan McIntyre,*,34,9-12,2-3,1-1,1-3,4,1,4,1,0,0,21,Lewis-Clark State,02/15/25
12,Emma Schmerbach,*,27,7-12,2-2,1-2,2-7,9,4,2,2,0,1,17,Lewis-Clark State,02/15/25
10,Bridgette McIntyre,*,34,1-6,1-6,2-2,0-1,1,1,1,1,0,2,5,Lewis-Clark State,02/15/25
20,Morgan Baird,*,30,2-8,0-0,1-2,3-1,4,0,1,3,0,1,5,Lewis-Clark State,02/15/25
23,Clara Robbins,*,20,0-4,0-0,1-4,3-2,5,4,2,0,2,3,1,Lewis-Clark State,02/15/25
32,Eliza DiGiulio,-,23,3-8,0-0,0-0,1-0,1,0,2,3,0,1,6,Lewis-Clark State,02/15/25
05,Makayla Scurlock,-,11,2-3,0-1,0-0,1-5,6,3,0,1,0,0,4,Lewis-Clark State,02/15/25
33,Mallory Williams,-,9,1-1,0-0,0-0,0-3,3,1,0,1,1,0,2,Lewis-Clark State,02/15/25
13,Keeley Wright,-,6,0-1,0-0,0-0,0-1,1,2,0,0,0,0,0,Lewis-Clark State,02/15/25
22,Sierra Scheppele,-,6,0-1,0-1,0-0,0-0,0,2,1,0,0,0,0,Lewis-Clark State,02/15/25
20,Morgan Baird,*,29,9-17,0-1,6-9,4-3,7,2,2,3,1,1,24,Oregon Tech,02/18/25
1,Meghan McIntyre,*,35,6-13,1-2,3-6,1-4,5,2,6,2,0,1,16,Oregon Tech,02/18/25
12,Emma Schmerbach,*,37,2-10,0-2,4-6,2-6,8,3,4,1,0,2,8,Oregon Tech,02/18/25
10,Bridgette McIntyre,*,36,2-7,1-5,2-2,0-1,1,2,1,1,0,1,7,Oregon Tech,02/18/25
23,Clara Robbins,*,16,2-4,0-0,0-0,2-4,6,1,1,1,2,2,4,Oregon Tech,02/18/25
32,Eliza DiGiulio,-,20,3-6,2-3,3-4,1-0,1,2,0,1,0,2,11,Oregon Tech,02/18/25
13,Keeley Wright,-,5,1-1,0-0,0-0,0-0,0,0,1,0,0,0,2,Oregon Tech,02/18/25
33,Mallory Williams,-,11,0-2,0-2,0-0,0-0,0,3,0,0,0,0,0,Oregon Tech,02/18/25
5,Makayla Scurlock,-,7,0-1,0-1,0-0,0-0,0,0,0,0,0,0,0,Oregon Tech,02/18/25
22,Sierra Scheppele,-,4,0-1,0-1,0-0,0-0,0,1,0,0,0,0,0,Oregon Tech,02/18/25
20,Morgan Baird,*,19,7-11,0-1,0-0,1-1,2,0,2,1,0,2,14,Bushnell (OR),12/21/24
12,Emma Schmerbach,*,20,6-10,0-0,1-1,1-7,8,1,2,1,0,1,13,Bushnell (OR),12/21/24
01,Meghan McIntyre,*,22,2-7,0-1,5-6,3-1,4,0,1,0,0,1,9,Bushnell (OR),12/21/24
10,Bridgette McIntyre,*,26,1-5,1-3,0-0,0-4,4,0,2,1,0,0,3,Bushnell (OR),12/21/24
23,Clara Robbins,*,23,1-2,0-0,0-0,1-5,6,2,2,1,3,3,2,Bushnell (OR),12/21/24
32,Eliza DiGiulio,-,19,4-5,1-1,1-1,1-0,1,3,1,3,1,1,10,Bushnell (OR),12/21/24
22,Sierra Scheppele,-,8,1-4,1-4,2-2,0-1,1,2,0,1,1,0,5,Bushnell (OR),12/21/24
13,Keeley Wright,-,14,2-4,0-0,0-2,0-1,1,1,1,5,0,2,4,Bushnell (OR),12/21/24
33,Mallory Williams,-,19,1-2,1-2,0-0,0-9,9,2,1,1,0,1,3,Bushnell (OR),12/21/24
05,Makayla Scurlock,-,10,1-4,0-2,0-0,0-1,1,1,1,0,0,0,2,Bushnell (OR),12/21/24
34,Shakia Teague-Perry,-,10,0-0,0-0,2-4,0-1,1,1,0,1,2,1,2,Bushnell (OR),12/21/24
21,Jenika Zurita,-,6,0-1,0-0,0-0,0-0,0,1,1,0,0,0,0,Bushnell (OR),12/21/24
24,Ali Stevens,-,4,0-2,0-0,0-0,1-0,1,0,0,1,0,0,0,Bushnell (OR),12/21/24
1,Meghan McIntyre,*,23,8-11,0-1,0-0,1-1,2,0,6,2,0,3,16,Corban (OR),12/20/24
20,Morgan Baird,*,22,6-9,1-2,0-0,0-4,4,1,2,3,1,0,13,Corban (OR),12/20/24
10,Bridgette McIntyre,*,22,3-5,3-5,0-0,0-2,2,0,0,0,0,0,9,Corban (OR),12/20/24
12,Emma Schmerbach,*,18,4-7,0-0,0-1,0-1,1,2,0,1,1,3,8,Corban (OR),12/20/24
23,Clara Robbins,*,20,1-2,0-0,1-2,1-4,5,2,0,1,2,2,3,Corban (OR),12/20/24
22,Sierra Scheppele,-,15,4-6,4-6,0-0,0-0,0,2,0,2,0,1,12,Corban (OR),12/20/24
13,Keeley Wright,-,17,4-7,0-0,3-3,1-0,1,1,3,0,0,3,11,Corban (OR),12/20/24
32,Eliza DiGiulio,-,13,1-2,0-1,4-4,1-1,2,3,0,1,0,0,6,Corban (OR),12/20/24
33,Mallory Williams,-,18,1-6,1-5,0-0,0-1,1,2,0,0,1,0,3,Corban (OR),12/20/24
24,Ali Stevens,-,3,1-1,0-0,1-2,3-0,3,1,0,0,0,0,3,Corban (OR),12/20/24
5,Makayla Scurlock,-,14,1-2,0-0,0-0,0-1,1,1,1,0,0,2,2,Corban (OR),12/20/24
34,Shakia Teague-Perry,-,8,1-3,0-0,0-0,0-0,0,1,0,0,0,1,2,Corban (OR),12/20/24
21,Jenika Zurita,-,7,0-2,0-1,0-0,0-2,2,1,2,0,0,0,0,Corban (OR),12/20/24
20,Morgan Baird,*,26,7-14,1-3,3-4,0-1,1,1,1,2,0,1,18,Evergreen (WA),02/26/25
10,Bridgette McIntyre,*,27,5-9,5-8,2-2,1-8,9,0,3,1,0,1,17,Evergreen (WA),02/26/25
12,Emma Schmerbach,*,27,4-9,0-0,8-8,0-5,5,0,0,4,0,2,16,Evergreen (WA),02/26/25
1,Meghan McIntyre,*,28,3-5,0-1,1-4,2-7,9,2,4,3,1,2,7,Evergreen (WA),02/26/25
23,Clara Robbins,*,17,0-1,0-0,0-0,1-4,5,3,0,1,2,1,0,Evergreen (WA),02/26/25
33,Mallory Williams,-,15,2-3,2-3,2-2,1-1,2,0,1,0,2,1,8,Evergreen (WA),02/26/25
13,Keeley Wright,-,12,3-5,0-0,0-0,1-1,2,1,2,1,0,4,6,Evergreen (WA),02/26/25
22,Sierra Scheppele,-,13,1-2,1-2,0-0,0-1,1,0,0,0,0,0,3,Evergreen (WA),02/26/25
5,Makayla Scurlock,-,14,1-2,0-1,0-0,0-1,1,1,1,1,0,1,2,Evergreen (WA),02/26/25
32,Eliza DiGiulio,-,17,0-5,0-1,0-0,0-2,2,1,1,1,0,0,0,Evergreen (WA),02/26/25
34,Shakia Teague-Perry,-,4,0-0,0-0,0-0,0-0,0,1,1,0,0,0,0,Evergreen (WA),02/26/25
20,Morgan Baird,*,27,12-15,2-3,5-5,1-1,2,2,2,2,0,2,31,Multnomah,02/22/25
23,Clara Robbins,*,25,4-6,0-1,6-6,1-2,3,1,2,1,1,1,14,Multnomah,02/22/25
1,Meghan McIntyre,*,31,4-9,1-2,0-0,4-4,8,1,7,4,0,4,9,Multnomah,02/22/25
12,Emma Schmerbach,*,25,4-9,0-0,1-5,3-4,7,5,5,3,0,2,9,Multnomah,02/22/25
5,Makayla Scurlock,*,24,1-4,0-3,3-4,0-4,4,4,0,1,0,0,5,Multnomah,02/22/25
10,Bridgette McIntyre,-,23,4-8,2-5,0-0,1-4,5,1,1,0,0,2,10,Multnomah,02/22/25
32,Eliza DiGiulio,-,14,1-3,0-1,3-4,1-2,3,2,0,3,0,0,5,Multnomah,02/22/25
33,Mallory Williams,-,12,0-5,0-4,2-2,0-3,3,0,0,0,1,0,2,Multnomah,02/22/25
13,Keeley Wright,-,9,0-0,0-0,2-2,0-1,1,1,3,1,1,1,2,Multnomah,02/22/25
22,Sierra Scheppele,-,10,0-1,0-1,0-0,0-0,0,0,1,1,0,0,0,Multnomah,02/22/25
20,Morgan Baird,*,17,9-13,0-0,0-0,1-4,5,0,2,0,1,0,18,UC Merced,11/16/24
12,Emma Schmerbach,*,21,6-12,1-2,0-0,1-3,4,0,1,0,0,0,13,UC Merced,11/16/24
10,Bridgette Mcintyre,*,23,3-8,2-6,0-0,2-4,6,0,3,0,0,0,8,UC Merced,11/16/24
01,Meghan Mcintyre,*,23,1-5,0-2,1-2,0-3,3,1,3,2,0,5,3,UC Merced,11/16/24
23,Clara Robbins,*,17,0-2,0-0,1-1,2-5,7,1,0,1,2,0,1,UC Merced,11/16/24
13,Keeley Wright,-,17,5-9,0-0,1-1,1-2,3,2,2,2,0,0,11,UC Merced,11/16/24
32,Eliza Digiulio,-,13,3-7,0-1,1-1,1-1,2,0,2,1,0,1,7,UC Merced,11/16/24
22,Sierra Scheppele,-,16,2-5,2-4,0-0,0-2,2,2,1,0,0,1,6,UC Merced,11/16/24
33,Mallory Williams,-,13,2-8,1-5,0-0,0-3,3,2,0,0,0,0,5,UC Merced,11/16/24
34,Shakia Teague-perry,-,13,2-4,0-0,0-0,0-2,2,3,0,0,0,0,4,UC Merced,11/16/24
05,Makayla Scurlock,-,12,0-1,0-0,0-0,0-3,3,0,0,0,0,1,0,UC Merced,11/16/24
21,Jenika Zurita,-,10,0-2,0-2,0-0,1-1,2,0,0,0,0,1,0,UC Merced,11/16/24
24,Ali Stevens,-,5,0-0,0-0,0-0,0-0,0,2,0,0,0,0,0,UC Merced,11/16/24
12,Emma Schmerbach,*,28,7-11,0-1,0-2,4-5,9,2,2,2,1,1,14,Corban (OR),02/08/25
20,Morgan Baird,*,28,5-11,0-0,4-5,2-2,4,0,3,1,0,0,14,Corban (OR),02/08/25
10,Bridgette McIntyre,*,30,4-8,4-8,0-0,0-2,2,2,1,2,0,1,12,Corban (OR),02/08/25
1,Meghan McIntyre,*,32,2-10,0-1,6-10,2-5,7,0,4,2,0,3,10,Corban (OR),02/08/25
23,Clara Robbins,*,11,0-1,0-0,0-2,0-1,1,4,0,0,1,3,0,Corban (OR),02/08/25
32,Eliza DiGiulio,-,24,5-8,1-2,1-2,1-1,2,1,3,0,1,1,12,Corban (OR),02/08/25
33,Mallory Williams,-,12,2-2,2-2,0-0,0-2,2,1,0,1,0,0,6,Corban (OR),02/08/25
5,Makayla Scurlock,-,12,1-3,0-0,0-0,0-4,4,1,0,1,0,1,2,Corban (OR),02/08/25
22,Sierra Scheppele,-,15,0-1,0-1,0-0,0-1,1,0,1,1,0,0,0,Corban (OR),02/08/25
13,Keeley Wright,-,8,0-1,0-0,0-0,1-0,1,1,1,0,0,0,0,Corban (OR),02/08/25
12,Emma Schmerbach,*,18,7-11,1-1,0-0,4-2,6,3,3,2,1,0,15,Warner Pacific (OR),02/21/25
1,Meghan McIntyre,*,21,5-9,1-2,0-1,2-5,7,1,3,0,0,2,11,Warner Pacific (OR),02/21/25
33,Mallory Williams,*,16,2-5,1-3,0-0,2-4,6,0,1,1,2,0,5,Warner Pacific (OR),02/21/25
23,Clara Robbins,*,17,0-3,0-0,0-0,3-5,8,0,3,1,5,2,0,Warner Pacific (OR),02/21/25
22,Sierra Scheppele,*,14,0-5,0-5,0-0,0-1,1,2,2,0,0,0,0,Warner Pacific (OR),02/21/25
20,Morgan Baird,-,17,7-8,1-1,2-3,1-0,1,0,2,1,0,3,17,Warner Pacific (OR),02/21/25
10,Bridgette McIntyre,-,18,4-8,4-8,0-0,0-1,1,3,1,1,0,1,12,Warner Pacific (OR),02/21/25
32,Eliza DiGiulio,-,18,3-6,1-1,4-4,1-1,2,0,0,0,0,1,11,Warner Pacific (OR),02/21/25
13,Keeley Wright,-,20,2-5,0-0,1-2,1-0,1,2,7,1,0,1,5,Warner Pacific (OR),02/21/25
21,Jenika Zurita,-,8,1-2,1-2,1-2,1-2,3,1,0,0,0,0,4,Warner Pacific (OR),02/21/25
34,Shakia Teague-Perry,-,10,1-4,0-0,1-2,0-3,3,4,0,0,1,1,3,Warner Pacific (OR),02/21/25
24,Ali Stevens,-,8,1-4,0-1,0-0,0-1,1,0,0,0,0,1,2,Warner Pacific (OR),02/21/25
5,Makayla Scurlock,-,15,0-2,0-1,0-0,0-4,4,1,0,0,0,1,0,Warner Pacific (OR),02/21/25
20,Morgan Baird,*,18,9-11,0-0,2-3,2-4,6,0,2,0,0,0,20,Cal Maritime,11/15/24
12,Emma Schmerbach,*,19,7-8,0-0,2-2,1-2,3,1,1,0,0,2,16,Cal Maritime,11/15/24
01,Meghan Mcintyre,*,21,4-12,0-2,4-6,1-1,2,1,5,1,0,4,12,Cal Maritime,11/15/24
10,Bridgette Mcintyre,*,20,3-6,3-5,2-2,0-0,0,2,3,0,0,4,11,Cal Maritime,11/15/24
23,Clara Robbins,*,16,1-2,0-0,0-0,0-4,4,1,0,1,1,0,2,Cal Maritime,11/15/24
33,Mallory Williams,-,13,3-6,1-3,2-2,1-2,3,0,0,1,0,0,9,Cal Maritime,11/15/24
05,Makayla Scurlock,-,15,2-3,1-2,3-4,0-1,1,0,2,0,0,0,8,Cal Maritime,11/15/24
22,Sierra Scheppele,-,14,3-5,2-3,0-0,0-1,1,0,2,0,0,1,8,Cal Maritime,11/15/24
34,Shakia Teague-perry,-,9,3-3,0-0,1-2,1-0,1,0,0,0,0,0,7,Cal Maritime,11/15/24
13,Keeley Wright,-,19,1-3,0-0,2-6,2-5,7,3,4,4,0,1,4,Cal Maritime,11/15/24
32,Eliza Digiulio,-,19,1-5,0-1,2-2,2-4,6,0,2,0,1,0,4,Cal Maritime,11/15/24
21,Jenika Zurita,-,11,1-3,1-3,0-0,0-2,2,0,2,2,0,0,3,Cal Maritime,11/15/24
24,Ali Stevens,-,6,1-5,0-0,0-0,1-1,2,0,0,1,0,2,2,Cal Maritime,11/15/24
20,Morgan Baird,*,24,12-19,0-1,4-4,1-5,6,0,4,1,0,0,28,UC Merced,03/14/25
1,Meghan McIntyre,*,26,5-10,1-2,1-2,2-5,7,2,8,2,0,5,12,UC Merced,03/14/25
12,Emma Schmerbach,*,27,3-9,0-1,0-0,2-2,4,3,4,2,1,6,6,UC Merced,03/14/25
10,Bridgette McIntyre,*,26,2-8,0-5,0-0,1-2,3,0,3,1,0,1,4,UC Merced,03/14/25
23,Clara Robbins,*,16,0-0,0-0,0-0,1-8,9,1,0,0,1,0,0,UC Merced,03/14/25
22,Sierra Scheppele,-,20,5-6,4-5,0-0,1-1,2,1,1,1,0,0,14,UC Merced,03/14/25
32,Eliza DiGiulio,-,13,5-5,1-1,0-1,0-2,2,1,0,1,0,0,11,UC Merced,03/14/25
33,Mallory Williams,-,15,2-5,2-4,2-2,2-4,6,0,1,1,0,1,8,UC Merced,03/14/25
21,Jenika Zurita,-,3,1-1,1-1,0-0,0-0,0,0,0,0,0,1,3,UC Merced,03/14/25
13,Keeley Wright,-,15,0-3,0-0,0-0,0-0,0,0,3,1,0,0,0,UC Merced,03/14/25
5,Makayla Scurlock,-,10,0-3,0-1,0-0,0-0,0,1,2,1,1,0,0,UC Merced,03/14/25
34,Shakia Teague-Perry,-,3,0-1,0-0,0-0,0-1,1,0,0,0,2,0,0,UC Merced,03/14/25
24,Ali Stevens,-,2,0-0,0-0,0-0,1-1,2,0,1,0,0,1,0,UC Merced,03/14/25
12,Emma Schmerbach,*,27,8-13,1-1,0-1,4-4,8,4,3,2,2,4,17,Wayland Baptist (TX),03/15/25
10,Bridgette McIntyre,*,30,4-8,4-7,3-3,0-3,3,2,1,2,0,0,15,Wayland Baptist (TX),03/15/25
1,Meghan McIntyre,*,33,4-10,0-2,2-2,0-4,4,0,6,5,0,3,10,Wayland Baptist (TX),03/15/25
20,Morgan Baird,*,23,4-7,0-1,0-0,3-2,5,3,4,1,0,0,8,Wayland Baptist (TX),03/15/25
23,Clara Robbins,*,18,1-4,0-0,0-0,0-9,9,3,0,3,5,1,2,Wayland Baptist (TX),03/15/25
32,Eliza DiGiulio,-,14,4-8,0-2,0-0,1-0,1,3,1,3,0,0,8,Wayland Baptist (TX),03/15/25
33,Mallory Williams,-,14,3-6,2-5,0-0,2-3,5,1,0,0,0,0,8,Wayland Baptist (TX),03/15/25
22,Sierra Scheppele,-,19,2-4,2-4,0-0,0-1,1,0,2,0,0,1,6,Wayland Baptist (TX),03/15/25
5,Makayla Scurlock,-,9,1-2,0-0,0-0,0-1,1,1,1,2,0,1,2,Wayland Baptist (TX),03/15/25
13,Keeley Wright,-,8,1-2,0-0,0-0,1-1,2,0,0,1,0,1,2,Wayland Baptist (TX),03/15/25
24,Ali Stevens,-,2,0-1,0-0,0-0,0-2,2,0,0,0,0,0,0,Wayland Baptist (TX),03/15/25
34,Shakia Teague-Perry,-,2,0-1,0-0,0-0,0-0,0,0,0,0,0,0,0,Wayland Baptist (TX),03/15/25
21,Jenika Zurita,-,1,0-0,0-0,0-0,0-0,0,0,0,0,0,0,0,Wayland Baptist (TX),03/15/25
1,Meghan McIntyre,*,36,5-14,2-3,2-3,2-8,10,1,7,7,0,4,14,Dakota State (SD),11/01/24
20,Morgan Baird,*,23,7-17,0-0,0-0,2-3,5,3,0,1,0,0,14,Dakota State (SD),11/01/24
10,Bridgette McIntyre,*,34,3-10,3-9,3-3,0-1,1,2,3,2,0,1,12,Dakota State (SD),11/01/24
12,Emma Schmerbach,*,22,3-4,0-0,1-4,0-4,4,4,1,3,0,0,7,Dakota State (SD),11/01/24
23,Clara Robbins,*,22,2-3,0-0,2-2,2-6,8,5,1,1,0,2,6,Dakota State (SD),11/01/24
32,Eliza DiGiulio,-,20,4-9,0-1,2-4,0-1,1,1,0,0,1,1,10,Dakota State (SD),11/01/24
22,Sierra Scheppele,-,19,2-6,2-6,0-0,2-0,2,2,2,1,0,2,6,Dakota State (SD),11/01/24
13,Keeley Wright,-,6,0-1,0-0,1-2,0-0,0,1,2,0,0,0,1,Dakota State (SD),11/01/24
34,Shakia Teague-Perry,-,8,0-1,0-0,0-0,2-0,2,0,3,0,0,1,0,Dakota State (SD),11/01/24
21,Jenika Zurita,-,7,0-0,0-0,0-0,0-0,0,0,0,1,0,0,0,Dakota State (SD),11/01/24
33,Mallory Williams,-,4,0-0,0-0,0-0,0-1,1,0,0,0,0,0,0,Dakota State (SD),11/01/24
20,Morgan Baird,*,29,6-9,1-2,1-1,1-4,5,1,1,2,0,1,14,College of Idaho,01/25/25
10,Bridgette McIntyre,*,32,3-6,2-4,5-7,0-5,5,1,2,0,0,0,13,College of Idaho,01/25/25
12,Emma Schmerbach,*,31,3-13,0-2,4-4,1-5,6,3,3,1,0,1,10,College of Idaho,01/25/25
1,Meghan McIntyre,*,32,3-9,0-2,2-2,0-3,3,0,2,2,2,2,8,College of Idaho,01/25/25
23,Clara Robbins,*,19,1-3,0-0,0-0,1-3,4,3,1,0,2,1,2,College of Idaho,01/25/25
33,Mallory Williams,-,15,2-3,2-2,0-0,1-3,4,0,0,0,0,0,6,College of Idaho,01/25/25
32,Eliza DiGiulio,-,16,1-5,1-3,0-0,0-1,1,0,1,1,2,0,3,College of Idaho,01/25/25
13,Keeley Wright,-,9,1-2,0-0,0-0,0-0,0,0,1,0,0,0,2,College of Idaho,01/25/25
5,Makayla Scurlock,-,9,0-2,0-1,0-0,1-2,3,1,0,0,0,0,0,College of Idaho,01/25/25
22,Sierra Scheppele,-,8,0-2,0-0,0-0,0-0,0,0,0,0,0,0,0,College of Idaho,01/25/25
20,Morgan Baird,*,25,10-14,1-2,1-2,1-2,3,2,2,2,0,1,22,Northwest,01/31/25
1,Meghan McIntyre,*,28,6-9,0-1,3-4,1-2,3,2,4,2,0,3,15,Northwest,01/31/25
12,Emma Schmerbach,*,27,5-9,0-1,0-0,1-5,6,2,0,4,0,2,10,Northwest,01/31/25
23,Clara Robbins,*,21,2-3,0-0,0-0,2-2,4,1,1,0,2,1,4,Northwest,01/31/25
10,Bridgette McIntyre,*,24,1-5,1-4,0-0,0-2,2,2,0,2,0,1,3,Northwest,01/31/25
32,Eliza DiGiulio,-,16,5-11,0-2,4-5,6-3,9,0,1,1,1,1,14,Northwest,01/31/25
13,Keeley Wright,-,11,2-4,0-0,2-6,0-2,2,2,0,0,0,0,6,Northwest,01/31/25
22,Sierra Scheppele,-,19,1-3,1-3,0-0,0-2,2,0,0,0,0,2,3,Northwest,01/31/25
33,Mallory Williams,-,16,0-2,0-1,2-2,0-3,3,1,0,0,0,0,2,Northwest,01/31/25
5,Makayla Scurlock,-,11,0-0,0-0,0-0,0-0,0,1,1,1,0,2,0,Northwest,01/31/25
21,Jenika Zurita,-,2,0-0,0-0,0-0,0-1,1,0,0,0,0,0,0,Northwest,01/31/25
20,Morgan Baird,*,30,7-12,0-2,2-3,2-3,5,1,5,4,1,2,16,Eastern Oregon,01/24/25
1,Meghan McIntyre,*,35,4-10,0-0,6-9,1-2,3,1,3,1,0,4,14,Eastern Oregon,01/24/25
10,Bridgette McIntyre,*,32,4-7,3-3,0-0,0-1,1,3,0,1,0,2,11,Eastern Oregon,01/24/25
12,Emma Schmerbach,*,27,5-9,0-1,0-2,2-3,5,5,2,3,2,2,10,Eastern Oregon,01/24/25
23,Clara Robbins,*,16,1-4,0-0,0-0,0-4,4,3,0,1,0,1,2,Eastern Oregon,01/24/25
5,Makayla Scurlock,-,20,2-3,0-1,0-0,0-3,3,1,0,0,0,1,4,Eastern Oregon,01/24/25
33,Mallory Williams,-,14,2-4,0-1,0-0,0-4,4,1,0,0,1,0,4,Eastern Oregon,01/24/25
32,Eliza DiGiulio,-,9,1-2,0-0,2-2,0-0,0,3,0,0,0,0,4,Eastern Oregon,01/24/25
13,Keeley Wright,-,6,0-0,0-0,2-2,0-0,0,0,0,4,0,0,2,Eastern Oregon,01/24/25
22,Sierra Scheppele,-,11,0-1,0-1,0-0,0-0,0,0,2,0,0,0,0,Eastern Oregon,01/24/25
20,Morgan Baird,*,21,7-13,0-0,5-5,1-5,6,2,2,2,1,0,19,Walla Walla,01/18/25
12,Emma Schmerbach,*,21,4-8,0-0,0-0,4-2,6,3,4,1,2,2,8,Walla Walla,01/18/25
10,Bridgette McIntyre,*,24,2-6,1-4,2-2,0-4,4,1,0,2,0,1,7,Walla Walla,01/18/25
1,Meghan McIntyre,*,20,1-4,0-0,1-2,1-3,4,3,4,4,0,0,3,Walla Walla,01/18/25
23,Clara Robbins,*,20,1-2,0-0,0-0,1-4,5,0,0,1,4,1,2,Walla Walla,01/18/25
32,Eliza DiGiulio,-,20,7-10,1-2,0-0,1-1,2,0,1,0,0,0,15,Walla Walla,01/18/25
22,Sierra Scheppele,-,11,3-4,3-4,2-2,0-2,2,2,1,1,0,0,11,Walla Walla,01/18/25
33,Mallory Williams,-,19,3-7,3-6,0-0,0-6,6,2,1,0,1,0,9,Walla Walla,01/18/25
5,Makayla Scurlock,-,16,2-3,1-2,1-1,0-3,3,0,2,0,0,2,6,Walla Walla,01/18/25
13,Keeley Wright,-,20,2-3,0-0,1-1,0-2,2,1,7,2,0,2,5,Walla Walla,01/18/25
24,Ali Stevens,-,2,1-1,0-0,0-0,0-0,0,0,0,1,0,1,2,Walla Walla,01/18/25
21,Jenika Zurita,-,6,0-0,0-0,0-0,0-1,1,1,0,0,0,1,0,Walla Walla,01/18/25
12,Emma Schmerbach,*,28,9-19,2-4,4-7,4-2,6,1,0,4,2,3,24,Concordia (NE),11/02/24
01,Meghan McIntyre,*,31,3-9,0-0,4-6,0-3,3,4,4,3,0,3,10,Concordia (NE),11/02/24
10,Bridgette McIntyre,*,33,2-11,2-10,0-0,0-2,2,1,1,1,0,0,6,Concordia (NE),11/02/24
20,Morgan Baird,*,18,2-2,0-0,0-1,0-2,2,3,2,2,1,0,4,Concordia (NE),11/02/24
23,Clara Robbins,*,26,1-3,0-1,0-0,3-4,7,3,0,0,0,0,2,Concordia (NE),11/02/24
22,Sierra Scheppele,-,23,4-6,4-6,0-0,1-0,1,1,0,0,0,1,12,Concordia (NE),11/02/24
32,Eliza DiGiulio,-,21,2-5,0-1,3-3,1-3,4,3,0,0,1,0,7,Concordia (NE),11/02/24
13,Keeley Wright,-,11,2-4,0-0,2-2,1-0,1,4,0,1,0,0,6,Concordia (NE),11/02/24
34,Shakia Teague-Perry,-,5,0-0,0-0,0-1,0-0,0,0,0,1,0,0,0,Concordia (NE),11/02/24
21,Jenika Zurita,-,2,0-1,0-1,0-0,0-0,0,2,0,0,0,0,0,Concordia (NE),11/02/24
33,Mallory Williams,-,2,0-0,0-0,0-0,0-1,1,0,0,0,0,0,0,Concordia (NE),11/02/24
